swab_id,sex,capture_mark_recapture
01,male,NA
02,male,NA
03,male,NA
04,female,NA
05,male,NA
06,male,NA
07,male,NA
.,male,NA
.,male,NA
08,male,NA
09,male,NA
10,male,NA
11,male,NA
12,male,NA
13,male,NA
14,male,NA
15,male,NA
16,male,NA
17,male,NA
18,male,NA
19,male,NA
20,male,NA
21,male,NA
22,male,NA
23,male,NA
24,male,NA
25,male,NA
26,male,NA
27,male,NA
28,male,NA
29,male,NA
30,male,NA
31,male,NA
32,male,NA
33,male,NA
34,male,NA
35,male,NA
36,male,NA
37,male,NA
38,male,NA
39,male,NA
40,male,NA
41,male,NA
42,male,NA
43,male,NA
44,male,NA
45,male,NA
46,male,NA
47,male,NA
48,male,NA
49,male,NA
50,male,NA
51,male,NA
52,male,NA
53,male,NA
54,male,NA
55,male,NA
56,male,NA
57,male,NA
58,male,NA
59,male,NA
60,male,NA
61,male,NA
62,male,NA
63,male,NA
.,male,NA
64,male,NA
65,male,NA
66,male,NA
67,male,NA
68,male,NA
69,male,NA
70,male,NA
71,male,NA
72,male,NA
73,male,NA
74,male,NA
75,male,NA
76,male,NA
.,male,NA
77,male,NA
78,male,NA
79,male,NA
80,male,NA
81,male,NA
82,male,NA
83,male,NA
84,male,NA
85,male,NA
.,male,NA
86,male,NA
87,male,NA
88,male,NA
90,male,NA
91,male,NA
92,male,NA
93,male,NA
94,male,NA
95,male,NA
96,male,NA
97,male,NA
98,male,NA
99,male,NA
100,male,NA
101,male,NA
102,male,NA
103,male,NA
104,male,NA
105,male,NA
106,male,NA
107,male,NA
.,male,NA
108,male,NA
109,male,NA
110,male,NA
111,male,NA
112,male,NA
113,male,NA
114,male,NA
115,male,NA
116,male,NA
117,male,NA
118,male,NA
119,male,NA
120,male,NA
121,male,NA
122,male,NA
123,male,NA
124,male,NA
125,male,NA
126,male,NA
127,male,NA
128,male,NA
129,male,NA
130,male,NA
.,male,NA
132,male,NA
133,male,NA
134,male,NA
135,male,NA
136,male,NA
137,male,NA
138,male,NA
139,male,NA
140,male,NA
141,male,NA
142,male,NA
143,male,NA
144,male,NA
145,male,NA
146,male,NA
147,male,NA
148,male,NA
149,male,NA
150,male,NA
151,male,NA
152,male,NA
153,male,NA
.,male,NA
.,male,NA
.,male,NA
154,male,NA
155,male,NA
156,male,NA
157,male,NA
158,male,NA
159,male,NA
160,male,NA
161,male,NA
162,male,NA
163,male,NA
164,male,NA
165,male,NA
166,male,NA
167,male,NA
168,male,NA
169,male,NA
170,male,NA
171,male,NA
172,male,NA
173,male,NA
174,male,NA
175,male,NA
176,male,NA
177,male,NA
178,male,NA
179,male,NA
180,male,NA
181,male,NA
182,male,NA
183,male,NA
184,male,NA
185,male,NA
186,male,NA
187,male,NA
188,male,NA
189,male,NA
190,male,NA
191,male,NA
192,male,NA
193,male,NA
194,male,NA
195,male,NA
196,male,NA
197,male,NA
198,male,NA
199,male,NA
200,male,NA
201,male,NA
202,male,NA
203,male,NA
204,male,NA
205,male,NA
206,male,NA
207,male,NA
208,male,NA
209,male,NA
210,male,NA
211,male,NA
212,male,NA
213,male,NA
214,male,NA
215,male,NA
216,male,NA
217,male,NA
218,male,NA
219,male,NA
220,male,NA
221,male,NA
222,male,NA
223,male,NA
224,male,NA
225,male,NA
226,male,NA
227,male,NA
228,male,NA
229,male,NA
230,male,NA
231,male,NA
232,male,NA
233,male,NA
234,male,NA
235,male,NA
236,male,NA
237,male,NA
238,male,NA
239,male,NA
240,male,NA
241,male,NA
242,male,NA
243,male,NA
244,male,NA
245,male,NA
246,male,NA
247,male,NA
248,male,NA
249,male,NA
250,male,NA
251,male,NA
252,male,NA
253,male,NA
254,male,NA
255,male,NA
256,male,NA
257,male,NA
258,male,NA
259,male,NA
260,male,NA
262,male,NA
263,male,NA
264,male,02
265,male,NA
266,male,NA
267,male,NA
268,male,NA
269,male,NA
270,male,NA
271,male,NA
272,male,NA
273,male,NA
274,male,NA
275,male,NA
276,male,NA
277,male,NA
278,male,NA
279,male,NA
280,male,NA
281,male,NA
282,female,NA
283,male,NA
284,male,NA
285,female,NA
286,female,NA
287,male,NA
288,male,NA
289,male,NA
290,male,NA
291,male,NA
292,male,NA
293,male,NA
294,male,NA
295,male,NA
296,male,NA
297,male,NA
298,male,NA
299,male,NA
300,male,NA
301,male,NA
302,male,NA
303,male,NA
304,male,NA
305,male,NA
306,male,NA
307,male,NA
309,female,NA
.,male,NA
.,male,NA
310,male,NA
311,male,NA
312,male,NA
313,male,NA
314,male,NA
315,male,NA
316,male,NA
317,male,NA
.,male,NA
318,male,NA
319,male,NA
320,male,NA
321,male,NA
322,male,NA
323,male,NA
324,male,NA
325,male,NA
326,male,NA
327,male,NA
328,male,NA
330,male,NA
331,male,NA
332,male,NA
.,male,NA
333,male,NA
334,male,NA
335,male,NA
336,male,NA
337,male,NA
338,male,NA
339,male,NA
340,male,NA
341,male,NA
342,male,NA
343,male,NA
344,male,NA
345,male,NA
346,male,NA
347,male,NA
348,male,NA
349,male,NA
350,male,NA
351,male,NA
352,male,NA
353,male,NA
354,male,NA
355,male,NA
356,male,NA
357,male,NA
358,male,NA
359,male,NA
360,male,NA
361,male,NA
362,male,NA
363,male,NA
364,male,NA
365,male,NA
366,male,NA
367,male,NA
368,male,NA
369,male,NA
370,male,NA
371,male,NA
372,male,NA
373,male,NA
374,male,NA
375,male,NA
376,male,NA
377,male,NA
378,male,NA
379,male,NA
380,male,NA
381,male,NA
382,male,NA
383,male,NA
384,male,NA
385,male,NA
386,male,NA
387,male,NA
388,male,NA
389,male,NA
390,male,NA
391,male,NA
392,male,NA
393,male,NA
394,male,NA
395,male,NA
396,male,NA
397,male,NA
398,male,NA
400,male,NA
401,male,NA
402,male,NA
403,male,NA
404,male,NA
405,male,NA
406,male,NA
407,male,NA
408,male,NA
409,male,NA
410,male,NA
411,male,NA
412,male,NA
413,male,NA
414,male,NA
415,male,NA
416,male,NA
417,male,NA
418,male,NA
419,male,NA
420,male,NA
421,male,NA
422,male,NA
423,male,NA
424,male,NA
425,male,NA
426,male,NA
427,male,NA
428,male,NA
429,male,NA
430,male,NA
431,male,NA
432,male,NA
433,male,NA
434,male,NA
435,male,NA
436,male,NA
437,male,NA
438,male,NA
.,male,NA
.,male,NA
439,male,NA
440,male,NA
441,male,NA
442,male,NA
443,male,NA
444,male,NA
445,male,NA
446,male,NA
447,male,NA
448,male,NA
449,male,NA
450,male,NA
451,male,NA
452,male,NA
453,male,NA
.,male,NA
454,male,NA
455,male,NA
456,male,NA
457,male,NA
458,male,NA
459,male,NA
460,male,NA
462,male,NA
463,male,NA
464,male,NA
465,male,NA
466,male,NA
467,male,NA
468,male,NA
.,male,NA
469,male,NA
470,female,NA
471,male,NA
472,male,NA
473,male,NA
474,male,NA
475,male,NA
476,male,NA
477,male,NA
478,male,NA
479,male,NA
480,male,NA
481,male,NA
482,male,NA
483,male,NA
484,male,NA
485,male,NA
486,male,NA
487,male,NA
.,male,NA
488,male,NA
489,female,NA
490,male,NA
491,male,NA
492,male,NA
493,male,NA
494,male,NA
495,male,NA
496,male,NA
497,male,NA
498,male,NA
499,male,NA
500,male,NA
501,male,NA
502,male,NA
503,male,NA
504,male,NA
.,male,NA
505,male,03
506,male,NA
507,male,NA
508,male,NA
509,male,NA
510,male,NA
511,male,NA
512,male,NA
513,male,NA
514,male,NA
515,male,NA
516,male,NA
517,male,NA
518,male,NA
519,male,NA
520,male,NA
521,male,NA
522,male,NA
523,male,NA
524,male,NA
525,male,NA
526,male,NA
527,male,NA
528,male,NA
529,male,NA
530,male,NA
531,male,NA
532,male,NA
533,male,NA
534,male,NA
535,male,NA
536,male,NA
537,male,NA
538,male,NA
539,male,NA
540,male,NA
541,male,NA
542,male,NA
543,male,NA
544,female,NA
545,male,NA
546,male,NA
547,female,NA
548,male,NA
549,male,NA
550,male,NA
551,male,NA
552,male,NA
553,male,NA
554,male,NA
555,male,NA
556,male,NA
557,male,NA
558,male,NA
559,male,NA
560,male,NA
561,male,NA
562,male,NA
563,male,NA
.,male,NA
564,male,NA
565,male,NA
566,male,NA
567,male,NA
568,male,NA
569,female,NA
570,female,NA
571,male,NA
572,male,NA
573,male,NA
574,male,NA
575,male,NA
576,male,NA
577,male,NA
578,male,NA
579,male,NA
.,male,NA
580,male,03
581,male,NA
582,male,NA
583,male,NA
584,male,NA
585,male,NA
586,male,NA
587,male,NA
588,male,NA
590,male,NA
591,male,NA
592,male,NA
593,male,NA
594,male,NA
595,male,NA
596,male,NA
597,male,NA
598,male,NA
599,male,NA
600,male,NA
601,male,NA
602,male,NA
603,male,NA
604,male,NA
605,male,NA
606,male,NA
607,male,NA
608,male,NA
609,male,NA
610,male,NA
611,male,NA
612,male,NA
613,male,NA
614,male,NA
615,male,NA
616,male,NA
617,male,NA
618,male,NA
619,male,NA
620,male,NA
621,male,NA
622,male,NA
623,male,NA
624,male,NA
625,male,NA
626,male,NA
627,male,NA
628,male,NA
629,male,NA
630,male,NA
631,male,NA
632,male,NA
633,male,NA
634,male,NA
635,male,NA
636,male,NA
637,male,NA
638,male,NA
639,female,NA
640,male,NA
641,male,NA
642,male,NA
643,male,NA
644,male,NA
645,male,NA
646,male,NA
647,male,NA
648,male,NA
649,male,NA
650,male,NA
651,male,NA
652,male,NA
653,male,NA
654,male,NA
655,male,NA
656,male,NA
657,male,NA
658,male,NA
.,male,NA
659,male,NA
660,male,NA
661,male,NA
662,male,NA
663,male,NA
664,male,NA
665,male,NA
666,male,NA
667,male,NA
668,male,NA
669,male,NA
670,male,NA
671,male,NA
672,male,NA
673,male,NA
674,male,NA
675,male,NA
676,male,NA
677,male,NA
678,male,NA
679,male,NA
680,male,NA
681,male,NA
682,female,NA
683,male,NA
684,male,NA
685,male,NA
686,male,NA
.,male,NA
687,male,NA
688,male,NA
689,male,NA
690,male,NA
691,male,NA
692,male,NA
693,male,NA
694,male,NA
695,male,NA
696,male,NA
697,male,NA
698,male,NA
699,male,NA
700,male,NA
701,male,NA
702,male,NA
703,male,NA
704,male,NA
705,male,NA
706,male,NA
708,male,NA
709,male,NA
.,male,NA
.,male,NA
710,male,NA
711,male,NA
712,male,NA
713,male,NA
714,male,NA
715,male,NA
716,male,NA
717,male,NA
718,male,NA
719,male,NA
720,male,NA
721,male,NA
722,male,NA
723,male,NA
724,male,NA
725,male,NA
726,male,NA
727,male,NA
728,male,NA
729,male,NA
730,male,NA
731,male,NA
732,male,NA
733,male,NA
734,male,NA
735,male,NA
736,male,NA
737,male,NA
738,male,NA
739,male,NA
740,male,NA
741,male,NA
742,male,NA
743,male,NA
744,male,NA
745,male,NA
746,male,NA
747,male,NA
748,male,NA
749,male,NA
750,male,NA
751,male,NA
752,male,NA
753,male,NA
754,female,NA
755,male,NA
757,male,NA
758,male,NA
759,male,NA
760,male,NA
761,male,NA
762,male,NA
763,male,NA
764,male,NA
765,male,NA
766,male,NA
767,male,NA
768,male,NA
769,male,NA
770,male,NA
771,female,NA
772,male,NA
773,male,NA
774,male,NA
775,female,NA
776,male,NA
777,female,NA
778,male,NA
779,male,NA
780,male,NA
781,male,NA
782,male,NA
783,male,NA
784,male,NA
785,male,NA
786,male,NA
787,male,NA
788,male,NA
789,male,NA
790,male,NA
791,male,NA
792,male,NA
793,male,NA
794,male,NA
795,male,NA
796,male,NA
797,male,NA
798,male,NA
799,male,NA
800,male,NA
801,male,NA
802,male,NA
803,male,03
804,male,NA
805,male,NA
806,male,NA
807,male,NA
808,male,NA
809,male,NA
810,male,NA
811,male,NA
812,male,NA
813,male,NA
814,male,NA
815,male,NA
816,male,NA
817,male,NA
818,male,NA
819,male,NA
820,female,NA
821,male,NA
822,male,NA
823,female,NA
824,female,NA
825,male,NA
826,female,NA
827,male,NA
828,female,NA
829,male,NA
830,male,NA
831,male,NA
832,male,NA
833,male,NA
834,male,NA
835,male,NA
836,male,NA
837,male,NA
838,male,NA
839,male,NA
840,male,NA
841,male,NA
842,female,NA
843,male,NA
844,female,NA
845,male,NA
846,female,NA
847,male,NA
848,male,NA
849,male,NA
850,female,NA
851,male,NA
852,male,NA
853,male,NA
854,male,NA
855,male,NA
856,male,NA
857,male,NA
858,male,05
859,female,NA
860,male,NA
861,male,NA
862,male,NA
863,male,NA
864,male,NA
865,male,NA
866,male,NA
867,male,NA
868,male,NA
869,female,NA
870,male,NA
871,female,NA
872,female,NA
873,female,NA
874,male,NA
875,male,NA
876,male,NA
877,male,NA
878,male,NA
879,male,NA
880,male,NA
881,female,NA
882,male,NA
883,female,NA
884,female,NA
885,male,NA
886,female,NA
887,male,NA
888,male,NA
889,male,NA
890,male,NA
891,male,NA
892,male,NA
893,male,NA
894,male,NA
895,male,NA
896,male,NA
897,male,NA
898,male,NA
899,male,NA
900,male,NA
901,male,NA
902,male,NA
903,male,NA
904,male,NA
905,male,NA
906,male,NA
907,male,NA
908,male,NA
909,male,NA
910,male,NA
911,male,NA
912,male,NA
913,male,NA
914,male,NA
915,male,NA
916,male,NA
917,male,NA
918,male,NA
919,male,NA
920,male,NA
921,male,NA
922,male,NA
923,male,NA
924,male,NA
925,male,NA
926,male,NA
927,male,NA
928,male,NA
929,male,NA
930,male,NA
931,male,NA
932,male,NA
933,female,NA
934,male,NA
935,male,NA
936,male,NA
937,male,NA
938,male,NA
939,male,NA
940,male,NA
941,male,NA
942,male,NA
943,male,NA
944,male,NA
945,male,NA
946,male,NA
947,male,NA
948,male,NA
949,male,NA
950,male,NA
952,male,NA
953,male,NA
954,male,NA
955,male,NA
956,male,NA
957,male,NA
958,male,NA
959,male,NA
960,male,NA
961,male,NA
962,male,NA
963,male,NA
964,female,NA
965,male,NA
966,male,NA
967,male,NA
968,male,NA
969,male,NA
970,male,NA
971,male,NA
972,male,NA
973,male,NA
974,male,NA
975,male,05
976,male,NA
977,female,NA
978,male,NA
979,male,NA
980,male,NA
981,male,NA
982,male,NA
983,male,NA
984,male,NA
985,male,NA
986,male,NA
987,female,NA
988,male,NA
989,male,NA
990,male,NA
991,male,NA
992,male,NA
993,male,NA
994,male,NA
995,male,NA
996,male,NA
997,male,NA
998,male,NA
999,male,NA
1000,male,NA
1001,male,NA
1002,male,NA
1003,male,NA
1004,male,NA
1005,male,NA
1006,male,NA
1007,male,NA
1008,male,NA
1009,male,NA
1010,male,NA
1011,male,NA
1012,male,NA
1013,male,NA
1014,male,NA
1015,male,NA
1016,male,NA
1017,male,NA
1018,male,NA
1019,male,NA
1020,male,NA
1021,female,NA
1022,male,NA
1023,male,NA
1024,male,NA
1025,male,NA
1026,male,NA
1027,male,NA
1028,male,05
1029,male,NA
1030,male,NA
1031,male,NA
1032,male,NA
1033,male,NA
1034,male,NA
1035,male,NA
1036,male,NA
1037,male,NA
1038,male,NA
1039,male,NA
1040,male,NA
1041,male,NA
1042,male,NA
1043,male,NA
1044,male,NA
1045,male,NA
1046,male,NA
1047,male,NA
1048,male,NA
1049,male,NA
1050,male,NA
1051,male,NA
1052,male,NA
1053,male,NA
1054,male,NA
1055,male,NA
1056,male,NA
1057,male,NA
1058,male,NA
1059,male,NA
1060,male,NA
1061,male,NA
1062,male,NA
1063,male,NA
1064,male,NA
1065,male,NA
1066,male,NA
1067,female,NA
1068,male,NA
1069,male,NA
1070,male,NA
1071,male,NA
1072,male,NA
1073,male,NA
1074,male,NA
1075,male,NA
1076,male,NA
1077,female,NA
1078,male,NA
1079,male,NA
1080,male,NA
1081,male,NA
1082,male,NA
1083,male,NA
1084,male,NA
1085,male,NA
1086,male,NA
1087,female,NA
1088,male,NA
1089,male,NA
1090,male,NA
1091,male,NA
1092,male,NA
1093,male,NA
1094,male,NA
1095,female,NA
1096,male,NA
1097,male,NA
1098,male,NA
1099,female,NA
1100,male,NA
1101,male,NA
1102,male,NA
1103,male,NA
1104,male,NA
1105,male,NA
1106,male,NA
1107,male,NA
1108,male,NA
1109,male,NA
1110,male,NA
1111,male,NA
1112,male,NA
1113,male,NA
1114,male,NA
1115,male,NA
1116,male,NA
1117,male,NA
1118,male,NA
1119,female,NA
1120,male,NA
1121,female,NA
1122,male,NA
1123,male,NA
1124,male,NA
1125,male,NA
1126,male,NA
1127,female,NA
1128,male,NA
1129,male,NA
1130,male,05
1131,male,NA
1132,male,NA
1133,male,NA
1134,female,NA
1135,male,NA
1136,male,NA
1137,male,NA
1138,male,NA
1139,male,NA
1140,male,NA
1141,male,NA
1142,male,NA
1143,male,NA
1144,male,NA
1145,male,NA
1146,male,NA
1147,male,NA
1148,male,NA
1149,male,NA
1150,male,NA
1151,male,NA
1152,male,NA
1154,male,NA
1155,male,NA
1156,female,NA
1157,female,NA
1158,male,NA
1159,male,NA
1160,male,NA
1161,male,NA
1162,male,05
1163,male,NA
1164,male,NA
1165,male,NA
1166,female,NA
1167,male,NA
1168,male,NA
1169,male,NA
1170,male,NA
1171,male,NA
1172,male,NA
1173,male,NA
1174,male,NA
1175,female,NA
1176,male,NA
1177,male,NA
1178,male,NA
1179,male,NA
1180,male,NA
1181,male,NA
1182,male,NA
1183,male,05
1184,male,NA
1185,male,NA
1186,male,NA
1187,male,NA
1188,male,NA
1189,male,NA
1190,male,NA
1191,female,NA
1192,male,NA
1193,male,NA
1194,male,NA
1195,male,NA
1196,male,NA
1197,male,NA
1198,male,NA
1199,male,NA
1200,male,NA
1201,male,NA
1202,male,NA
1203,male,NA
1204,male,NA
1205,male,NA
1206,male,NA
1207,male,NA
1208,female,NA
1209,male,NA
1210,male,NA
1211,female,NA
1212,female,NA
1213,male,NA
1214,male,NA
1215,male,NA
1216,male,NA
1217,male,NA
1218,male,NA
1219,male,NA
1220,male,NA
1221,male,NA
1222,male,NA
1223,male,NA
1224,male,NA
1225,male,05
1226,female,NA
1227,male,NA
1228,male,NA
1229,male,NA
1230,male,NA
1231,male,NA
1232,male,NA
1233,male,NA
1234,male,NA
1235,male,NA
1236,male,NA
1237,male,NA
1238,male,NA
1239,male,NA
1240,male,NA
1241,male,NA
1242,male,NA
1243,male,NA
1244,male,NA
1245,male,NA
1246,female,NA
1247,male,NA
1248,male,NA
1249,male,NA
1250,male,NA
1251,male,NA
1252,male,NA
1253,male,NA
1254,male,NA
1255,male,NA
1256,male,NA
1257,male,NA
1258,male,NA
1259,male,NA
1260,male,NA
1261,male,NA
1262,male,NA
1263,male,NA
1264,male,NA
1265,male,NA
1266,male,NA
1267,male,NA
1268,male,NA
1269,male,NA
1270,male,NA
1271,male,NA
1272,male,NA
1273,male,NA
1274,male,NA
1275,male,NA
1276,male,NA
1277,male,NA
.,male,NA
1278,male,NA
1279,male,NA
1280,male,NA
1281,female,NA
1282,male,NA
1283,male,NA
1284,male,NA
1285,male,NA
1286,male,NA
1287,male,NA
1288,male,NA
1289,male,NA
1290,male,NA
1291,male,NA
1292,male,NA
1293,male,NA
1294,male,NA
1295,male,NA
1296,male,NA
1297,male,NA
1298,male,NA
1299,male,NA
1300,male,NA
1301,male,NA
1302,male,NA
1303,male,NA
1304,male,NA
1305,male,NA
1306,male,NA
1307,male,NA
1308,male,NA
1309,male,NA
1310,male,NA
1311,male,NA
1312,male,NA
1313,male,NA
1314,male,NA
1315,male,NA
1316,male,NA
1317,male,NA
1318,male,NA
1319,male,NA
1320,male,NA
1321,male,NA
1322,male,NA
1323,male,NA
1324,male,NA
1325,male,NA
1326,male,NA
1327,male,NA
1328,male,NA
1329,male,NA
1330,male,NA
1331,male,NA
1332,male,NA
1333,male,NA
1334,male,NA
1335,male,NA
1336,male,NA
1337,male,NA
1338,male,NA
1339,male,NA
1340,male,NA
1341,male,NA
1342,male,NA
1343,male,NA
1344,male,NA
1345,male,NA
1346,male,NA
1347,male,NA
1348,male,NA
1349,male,NA
1350,male,05
1351,female,NA
1352,male,NA
1353,male,NA
1354,male,NA
1355,male,NA
1356,male,NA
1357,female,NA
1358,male,NA
1359,male,NA
1360,female,NA
1361,male,NA
1362,male,NA
1363,male,NA
1364,male,NA
1365,male,NA
1366,male,NA
1367,male,NA
1368,male,NA
1369,male,NA
1370,male,NA
1371,male,NA
1372,female,NA
1373,female,NA
1374,male,NA
1375,male,NA
1376,male,NA
1377,female,NA
1378,male,NA
1379,female,NA
1380,male,NA
1381,male,NA
1382,male,NA
1383,male,NA
1384,male,NA
1385,male,NA
1386,male,NA
1387,male,NA
1388,male,NA
1389,male,NA
1390,female,NA
1391,male,NA
1392,male,NA
1393,female,NA
1394,male,NA
1395,male,NA
1396,male,NA
1397,male,NA
1398,male,NA
1399,male,NA
1400,male,NA
1401,male,NA
1402,male,NA
1403,male,NA
1404,male,NA
1405,male,NA
1406,male,NA
1407,male,NA
1408,male,NA
1409,male,NA
1410,female,NA
1411,male,NA
1412,female,NA
1413,female,05
1414,female,NA
1415,male,NA
1416,male,NA
1417,male,NA
1418,male,NA
1419,male,NA
1420,female,NA
1421,male,NA
1422,male,NA
1423,male,NA
1424,male,NA
1425,male,NA
1426,male,NA
1427,male,NA
1428,male,NA
1429,male,NA
1430,male,NA
1431,male,NA
1432,male,NA
1433,male,NA
1434,male,NA
1435,female,NA
1436,female,NA
1437,male,NA
1438,male,NA
1439,male,NA
1440,male,NA
1441,male,NA
1442,male,NA
1443,male,NA
1444,male,NA
1445,male,NA
1446,male,NA
1447,male,NA
1448,male,NA
1449,male,NA
1450,male,NA
1451,male,NA
1452,male,NA
1453,female,NA
1454,male,NA
1455,male,NA
1456,male,NA
1457,male,06
1458,male,NA
1459,male,NA
1460,male,NA
1461,male,NA
1462,male,NA
1463,male,NA
1464,male,NA
1465,male,NA
1466,male,NA
1467,male,NA
1468,male,NA
1469,male,NA
1470,male,NA
1471,male,NA
1472,male,NA
1473,male,NA
1474,female,NA
1475,male,NA
1476,male,NA
1477,male,NA
1478,male,NA
1479,male,NA
1480,female,NA
1481,female,NA
1482,male,NA
1483,male,NA
1484,male,NA
1485,male,NA
1486,male,NA
1487,male,NA
1488,female,NA
1489,male,NA
1490,male,NA
1491,male,NA
1492,male,NA
1493,male,NA
1494,male,NA
1495,male,NA
1496,male,NA
1497,male,NA
1498,male,NA
1499,male,NA
1500,male,NA
1501,male,NA
1502,male,NA
1503,male,NA
1504,male,NA
1505,male,NA
1506,male,NA
1507,male,NA
1508,male,NA
1509,male,NA
1510,male,NA
1511,male,NA
1512,male,NA
1513,male,NA
1514,male,NA
1515,male,NA
1516,male,NA
1517,male,NA
1518,male,NA
1519,male,NA
1520,male,NA
1521,male,NA
1522,male,NA
1523,male,NA
1524,male,NA
1525,male,NA
1526,male,NA
1527,male,NA
1528,male,NA
1529,male,NA
1530,male,NA
1531,female,NA
1532,male,NA
1533,male,NA
1534,male,NA
1535,male,NA
1536,male,NA
1537,male,NA
1538,male,NA
1539,male,NA
1540,male,NA
1541,male,NA
1542,male,NA
1543,male,NA
1544,male,NA
1545,male,NA
1546,male,NA
1547,male,NA
1548,male,NA
1549,male,NA
1550,male,NA
1551,male,NA
1552,male,NA
1553,male,NA
1554,male,NA
1555,male,NA
1556,male,NA
1557,male,NA
1558,male,NA
1559,male,06
1560,male,NA
1561,male,05
1562,male,NA
1563,female,NA
1564,male,NA
1565,male,NA
1566,male,NA
1567,male,NA
1568,male,NA
1569,male,NA
1570,male,NA
1571,male,NA
1572,male,NA
1573,male,NA
1574,male,NA
1575,female,NA
1576,male,NA
1577,male,NA
1578,male,NA
1579,male,NA
1580,male,NA
1581,female,NA
1582,male,NA
1583,male,NA
1584,male,NA
1585,male,NA
1586,male,NA
1587,male,NA
1588,male,NA
1589,male,NA
1590,male,NA
1591,male,NA
1592,male,NA
1593,male,NA
1594,male,NA
1595,male,NA
1596,male,NA
1597,male,NA
1598,female,NA
1599,male,NA
1600,male,NA
1601,male,NA
1602,male,NA
1603,male,NA
1604,male,NA
1605,male,NA
1606,male,NA
1607,male,NA
1608,male,NA
1609,male,NA
1610,male,NA
1611,male,NA
1612,male,NA
1613,male,NA
1614,male,NA
1615,male,NA
1616,male,NA
1617,male,NA
1618,male,NA
1619,male,NA
1620,male,NA
1621,male,NA
1622,male,NA
1623,male,NA
1624,male,NA
1625,male,NA
1626,male,NA
1627,male,NA
1628,male,NA
1629,male,NA
1630,male,NA
1631,male,NA
1632,male,06
1633,male,05 & 06
1634,male,NA
1635,male,NA
1636,male,NA
1637,male,NA
1638,male,NA
1639,male,NA
1640,male,NA
1641,male,NA
1642,male,NA
1643,male,NA
1644,male,NA
1645,male,NA
1646,male,NA
1647,male,NA
1648,male,NA
1649,male,NA
1650,male,NA
1651,male,NA
1652,male,NA
1653,male,NA
1654,male,NA
1655,male,NA
1656,male,NA
1658,male,NA
1659,male,NA
1660,male,NA
1661,male,NA
1662,male,NA
1663,male,NA
1664,male,NA
1665,male,NA
1666,male,NA
1667,male,NA
1668,male,NA
1669,male,NA
1670,male,NA
1672,male,NA
1673,male,NA
1674,male,NA
1675,male,NA
1676,male,NA
1677,male,NA
1678,male,NA
1679,male,NA
1680,male,05
1681,male,NA
1682,male,NA
1683,male,NA
1684,male,NA
1685,male,NA
1686,male,NA
1687,male,NA
1688,male,NA
1689,male,NA
1690,male,NA
1691,male,NA
1692,male,NA
1693,male,NA
1694,male,NA
1695,male,NA
1696,male,NA
1697,male,NA
1698,male,NA
1699,male,NA
1700,male,NA
1701,male,NA
1702,male,NA
1703,male,NA
1704,male,NA
1705,male,NA
1706,male,NA
1707,male,NA
1708,female,NA
1709,male,NA
1710,male,NA
1711,male,NA
1712,male,NA
1713,male,NA
1714,male,NA
1715,male,NA
1716,male,NA
1717,male,NA
1718,male,NA
1719,male,NA
1720,male,NA
1721,male,NA
1722,female,NA
1723,male,NA
1724,male,NA
1725,male,NA
1726,male,NA
1727,male,NA
1728,male,NA
1729,male,NA
1730,male,NA
1731,male,NA
1732,male,NA
1733,male,NA
1734,male,NA
1735,male,NA
1736,male,NA
1737,male,NA
1738,male,NA
1739,male,NA
1740,male,NA
1741,male,06
1742,male,NA
1743,male,NA
1744,male,NA
1745,male,NA
1746,male,NA
1747,male,NA
1748,male,NA
1749,male,NA
1750,male,NA
1751,male,NA
1752,male,NA
1753,male,NA
1754,male,NA
1755,male,NA
1756,male,NA
1757,male,NA
1758,male,NA
1759,male,NA
1760,male,NA
1761,male,NA
1762,male,NA
1763,male,NA
1764,male,NA
1765,male,NA
1766,male,NA
1767,male,NA
1768,male,NA
1769,male,NA
1770,female,NA
1771,male,NA
1772,female,NA
1773,male,NA
1774,female,NA
1775,male,NA
1776,male,NA
1777,male,NA
1778,male,NA
1779,male,NA
1780,male,NA
1781,male,NA
1782,male,NA
1783,male,NA
1784,male,NA
1785,male,NA
1786,male,NA
1787,male,NA
1788,male,NA
1789,male,NA
1790,male,NA
1791,male,NA
1792,male,NA
1793,male,NA
1794,male,NA
1795,male,NA
1796,male,NA
1797,male,NA
1798,male,NA
1799,male,NA
1800,male,NA
1801,male,NA
1802,male,NA
1803,male,NA
1804,male,NA
1805,male,NA
1806,male,NA
1807,male,NA
1808,male,NA
1809,male,NA
1810,male,NA
1811,male,NA
1812,male,NA
1813,male,NA
1814,male,NA
1815,male,NA
1816,male,NA
1817,male,NA
1818,male,NA
1819,male,NA
1820,male,NA
1821,male,NA
1822,male,NA
1823,male,NA
1824,male,NA
1825,male,06
1826,male,NA
1827,male,NA
1828,male,NA
1829,male,NA
1830,male,NA
1831,male,NA
1832,male,NA
1833,male,NA
1834,male,NA
1835,female,NA
1836,male,NA
1837,male,NA
1838,female,NA
1839,male,NA
1840,male,NA
1841,male,NA
1842,male,NA
1843,male,NA
1844,male,NA
1845,male,NA
1846,male,NA
1847,male,NA
1848,male,NA
1849,male,NA
1850,male,NA
1851,male,NA
1852,male,NA
1853,male,NA
1854,male,NA
1855,male,NA
1856,male,NA
1857,male,NA
1858,male,NA
1859,male,NA
1860,male,NA
1861,male,NA
1862,male,NA
1863,male,NA
1864,male,NA
1865,male,NA
1866,male,NA
1867,male,NA
1868,male,NA
1869,male,NA
1870,male,NA
1871,male,NA
1872,male,NA
1873,male,NA
1874,female,NA
1875,male,NA
1876,male,NA
1877,male,NA
1878,male,NA
1879,male,NA
1880,male,NA
1881,male,NA
1882,male,NA
1883,male,NA
1884,male,NA
1885,male,NA
1886,male,NA
1887,male,NA
1888,male,NA
1889,male,NA
1890,male,NA
1891,male,NA
1892,male,NA
1893,male,NA
1894,male,NA
1895,male,NA
1896,male,NA
1897,male,NA
1898,male,NA
1899,male,NA
1900,male,NA
1901,male,NA
1902,male,NA
1903,male,NA
1904,male,NA
1905,male,NA
1906,male,NA
1907,male,NA
1908,male,NA
1909,male,NA
1910,male,NA
1911,male,NA
1912,male,NA
1913,female,NA
1917,male,NA
1918,male,NA
1919,male,NA
1920,male,NA
1921,male,NA
1922,male,NA
1923,male,NA
1924,male,NA
1925,male,NA
1926,male,NA
1927,male,NA
1928,male,NA
1929,male,NA
1930,male,NA
1931,male,NA
1932,male,NA
1933,male,NA
1934,male,NA
1935,male,NA
1936,male,NA
1937,male,NA
1938,male,NA
1939,male,NA
1940,male,NA
1941,male,NA
1942,male,NA
1943,male,NA
1944,male,NA
1945,male,NA
1946,male,NA
1947,male,NA
1948,male,NA
1949,male,NA
1950,male,NA
1951,male,NA
1952,female,NA
1953,male,NA
1954,male,NA
1955,male,NA
1956,male,NA
1957,male,NA
1958,male,NA
1959,male,NA
1960,male,NA
1961,male,NA
1962,male,NA
1963,male,NA
1964,male,NA
1965,male,NA
1966,male,NA
1967,male,NA
1968,male,NA
1969,male,NA
1970,male,NA
1971,male,NA
1972,male,NA
1973,male,NA
1974,male,NA
1975,male,NA
1976,male,NA
1978,male,NA
1979,male,NA
1980,male,NA
1981,male,NA
1982,male,NA
1983,male,NA
1984,male,NA
1985,male,NA
1986,male,NA
1987,male,NA
1988,male,NA
1989,female,NA
1990,male,NA
1991,male,NA
1992,male,NA
1993,male,NA
1994,male,NA
1995,male,NA
1996,male,NA
1997,male,NA
1998,male,NA
1999,male,NA
2000,male,NA
2001,male,NA
2002,male,NA
2003,male,NA
2004,male,NA
2005,male,NA
2006,male,NA
2007,male,NA
2008,male,NA
2009,male,NA
2010,male,NA
2011,male,NA
2012,male,NA
2013,male,NA
2014,male,NA
2015,male,NA
2016,male,NA
2017,male,NA
2018,male,NA
2019,male,NA
2020,male,NA
2021,male,NA
2022,male,NA
2023,male,NA
2024,male,NA
2025,male,NA
2026,male,NA
2027,male,NA
2028,male,NA
2029,male,NA
2030,male,NA
2031,male,NA
2032,male,NA
2033,male,NA
2034,male,NA
2035,male,NA
2036,male,NA
2037,male,NA
2038,male,NA
2039,male,06
2040,male,NA
2041,male,NA
2042,male,NA
2043,male,NA
2044,male,NA
2045,male,NA
2046,male,NA
2047,male,NA
2048,male,NA
2049,male,NA
2050,male,NA
2051,male,NA
2052,male,NA
2053,male,NA
2054,male,NA
2055,male,NA
2056,male,NA
2057,male,NA
2058,male,NA
2059,male,NA
2060,male,NA
2061,male,NA
2062,male,NA
2063,male,NA
2064,male,NA
2065,male,NA
2066,male,NA
2067,male,NA
2068,male,NA
2069,male,NA
2070,male,NA
2071,male,NA
2072,male,NA
2073,male,NA
2074,male,NA
2075,male,NA
2076,male,NA
2077,male,NA
2078,male,NA
2079,male,NA
2080,male,NA
2081,male,NA
2082,male,NA
2083,male,NA
2084,male,NA
2085,male,NA
2086,male,NA
2087,male,NA
2088,male,NA
2089,male,NA
2090,male,NA
2091,male,NA
2092,male,NA
2093,male,NA
2094,male,NA
2095,male,NA
2096,male,NA
2097,male,NA
2098,male,NA
2099,male,NA
2101,female,NA
2102,male,NA
2103,male,NA
2104,male,NA
2105,male,NA
2106,male,NA
2107,male,NA
2108,female,NA
2109,female,NA
2110,male,NA
2111,male,06
2112,male,NA
2113,female,NA
2114,male,NA
2115,male,NA
2116,male,NA
2117,male,NA
2118,male,NA
2119,male,NA
2120,male,NA
2121,male,NA
2122,male,NA
2123,male,NA
2124,male,NA
2125,male,NA
2126,male,NA
2127,male,NA
2128,male,NA
2129,male,NA
2130,male,05
2131,male,NA
2132,male,NA
2133,male,NA
2134,male,NA
2135,male,NA
2136,male,NA
2137,male,NA
2138,male,NA
2139,male,NA
2140,male,NA
2141,male,NA
2142,male,NA
2143,male,NA
2144,male,NA
2145,male,NA
2146,male,NA
2147,male,NA
2148,male,NA
2149,male,NA
2150,male,NA
2151,male,NA
.,male,NA
2152,male,NA
2153,male,NA
2154,male,NA
2155,male,NA
2156,male,NA
2157,male,NA
2158,male,NA
2159,male,NA
2160,male,NA
2161,male,NA
2162,male,NA
2163,male,NA
2164,male,NA
2165,male,NA
2166,male,NA
2167,male,NA
2168,male,NA
2169,male,NA
2170,male,NA
2171,male,NA
2172,male,NA
2173,male,NA
2174,male,NA
2175,male,NA
2176,male,NA
2177,male,NA
2178,male,NA
2179,male,NA
2180,male,NA
2181,male,NA
2182,male,NA
2183,male,NA
2184,male,NA
2185,male,NA
2186,male,NA
2187,male,NA
2188,male,NA
2189,male,NA
2190,male,NA
2191,male,NA
2192,male,NA
2193,male,NA
2194,male,NA
2195,male,NA
2196,male,NA
2197,male,NA
2198,male,NA
2199,male,NA
2200,male,NA
2201,male,NA
2202,male,NA
2203,male,NA
2204,male,NA
2205,male,NA
2206,male,NA
2207,male,NA
2208,male,NA
2209,male,NA
2210,male,NA
2211,male,NA
2212,male,NA
2213,male,NA
2214,male,NA
2215,male,NA
2216,male,NA
2217,male,NA
2218,female,NA
2219,male,NA
2220,male,NA
2221,male,NA
2222,male,NA
.,male,NA
2223,male,NA
2224,male,NA
2225,male,NA
2226,male,NA
2227,male,NA
2228,male,NA
2229,male,NA
2230,male,NA
2231,male,NA
2232,male,NA
2233,male,NA
2234,male,NA
2235,male,NA
2236,male,NA
2237,male,NA
2238,male,NA
2239,male,NA
2240,male,NA
2241,male,NA
2242,male,NA
2243,male,NA
2244,male,NA
2245,male,NA
2246,male,NA
2247,male,NA
2248,male,NA
2249,female,NA
2250,male,NA
2252,male,NA
2253,male,NA
2254,male,NA
2255,male,NA
2256,male,NA
2257,male,NA
2258,male,NA
2259,male,NA
2260,male,NA
2261,male,NA
2262,male,NA
2263,male,NA
2264,male,NA
2265,male,NA
2266,male,NA
2267,male,NA
2268,male,NA
2269,male,NA
2270,male,NA
2271,male,NA
2272,male,NA
2273,male,NA
2274,female,NA
2275,male,NA
2276,male,NA
2277,male,NA
2278,male,NA
2279,male,NA
2280,male,NA
2281,male,NA
2283,male,NA
2284,male,NA
2285,male,NA
2286,male,NA
2287,male,NA
2288,male,NA
2289,male,NA
2290,male,NA
2291,male,NA
2292,male,NA
2293,male,NA
2294,male,NA
2295,male,NA
2296,male,NA
2297,male,NA
2298,male,NA
2299,male,NA
2300,male,NA
2301,male,NA
2302,male,NA
2303,male,NA
2304,male,NA
2305,male,NA
2306,male,NA
2307,male,NA
2308,male,NA
2309,male,NA
2310,male,NA
2311,male,NA
2312,male,NA
2313,male,NA
2314,male,NA
2315,male,07
2316,male,NA
2317,male,NA
2318,male,NA
2319,male,NA
2320,male,NA
2321,male,NA
2322,male,NA
2323,male,NA
2324,male,NA
2325,male,NA
2326,male,NA
2327,male,NA
2328,male,NA
2329,male,NA
2330,female,NA
2331,male,NA
2332,male,NA
2333,male,NA
2334,male,NA
2335,male,NA
2336,male,NA
2337,male,NA
2338,male,NA
2339,male,NA
2340,male,NA
2341,male,NA
2342,male,NA
2343,male,NA
2344,male,NA
2345,male,NA
2346,male,NA
2347,male,NA
2348,male,NA
2349,male,NA
2350,male,NA
2351,male,NA
2352,male,NA
2353,male,NA
2354,male,NA
2355,male,NA
2356,male,NA
2357,male,NA
2358,male,NA
2359,male,NA
2360,male,NA
2361,male,NA
2362,male,NA
2363,male,NA
2364,male,NA
2365,female,NA
2366,male,NA
2367,male,NA
2368,male,NA
2369,male,NA
2370,male,NA
2371,male,NA
2372,male,NA
2373,male,NA
2374,male,NA
2375,female,NA
2376,male,NA
2377,male,NA
2378,male,NA
2379,male,NA
2380,male,NA
2381,male,NA
2382,male,NA
2383,male,NA
2384,male,NA
2385,male,NA
2386,male,NA
2387,female,NA
2388,male,NA
2389,male,NA
2390,male,NA
2392,male,NA
2393,male,NA
2394,male,NA
2395,male,NA
2396,male,NA
2397,male,NA
2398,male,NA
2399,male,NA
2400,male,NA
2401,male,NA
2402,male,NA
2403,male,NA
2404,male,NA
2405,male,NA
2406,male,NA
2407,male,NA
2408,male,NA
2409,male,NA
2410,male,NA
2411,male,NA
2412,female,NA
2413,male,NA
2414,male,NA
2415,male,NA
2416,male,NA
2417,male,NA
2418,male,NA
2419,male,NA
2420,male,NA
2421,male,NA
2422,male,NA
2423,male,NA
2424,male,NA
2425,male,NA
2426,male,NA
2427,male,NA
2428,male,NA
2429,male,NA
2430,male,NA
2431,male,NA
2432,male,NA
2433,male,NA
2434,male,NA
2435,male,NA
2436,male,NA
2437,male,NA
2438,male,NA
2439,male,NA
2440,male,NA
2441,male,NA
2442,male,NA
2443,male,NA
2444,male,NA
2445,male,NA
2446,male,NA
2447,male,NA
2448,male,NA
2449,male,NA
2450,male,NA
2451,male,NA
2452,male,NA
2453,male,NA
2454,male,NA
2455,male,NA
2456,male,NA
2457,male,NA
2458,male,NA
2459,male,NA
2460,male,NA
2461,male,NA
2462,male,NA
2463,male,NA
2464,male,NA
2465,male,NA
2466,male,NA
2467,male,NA
2468,male,NA
2469,male,NA
2470,male,NA
2471,male,NA
2472,male,NA
2473,male,NA
2474,male,NA
2475,male,NA
2476,male,NA
2477,male,NA
2478,male,NA
2479,male,NA
2480,male,NA
2481,male,NA
2482,male,NA
2483,female,NA
2484,male,NA
2485,male,NA
2486,male,NA
2487,male,NA
2488,male,NA
2489,male,NA
2490,male,NA
2491,male,NA
2492,male,NA
2493,male,NA
2494,male,NA
2495,male,NA
2496,male,NA
2497,male,NA
2498,male,NA
2499,male,NA
2500,male,NA
2501,male,NA
2502,male,NA
2503,male,NA
2504,male,NA
2505,male,NA
2506,male,NA
2507,male,NA
2508,male,NA
2509,male,NA
2510,male,NA
2511,male,NA
2512,male,NA
2513,male,NA
2514,male,NA
2515,male,NA
2516,male,NA
2517,male,NA
2518,male,NA
2519,male,NA
2520,male,NA
2521,male,NA
2522,male,NA
2523,male,NA
2524,male,NA
2525,male,NA
2526,male,NA
2527,male,NA
2528,male,NA
2529,male,NA
2530,male,NA
2531,male,NA
2532,male,NA
2533,male,NA
2534,male,NA
2535,male,NA
2536,male,NA
2537,male,NA
2538,male,NA
2539,male,NA
2540,male,NA
2541,male,NA
2542,male,NA
2543,male,NA
2544,male,NA
.,male,NA
.,male,NA
2545,male,NA
2546,male,NA
2547,male,NA
2548,male,NA
2549,male,NA
2550,male,NA
2551,male,NA
2552,male,NA
2553,male,NA
2554,male,NA
2555,male,NA
2556,male,NA
2557,male,NA
2558,male,NA
2559,male,NA
2560,male,NA
2561,male,NA
.,male,NA
.,male,NA
2562,male,NA
2563,male,NA
2564,male,NA
2565,male,NA
2566,male,NA
2567,male,NA
2568,male,NA
2569,male,NA
2570,male,NA
2571,male,NA
2572,male,NA
2573,male,NA
2574,male,NA
2575,male,NA
2576,male,NA
2577,male,NA
2578,male,NA
2579,male,NA
2580,male,NA
2581,male,NA
2582,male,NA
2583,male,NA
2584,male,NA
2585,male,NA
2586,male,NA
2587,male,NA
2588,male,NA
2589,male,NA
2590,male,NA
2591,male,NA
2592,male,NA
2593,male,NA
2594,male,NA
2595,male,NA
2596,male,NA
2597,male,NA
2598,male,NA
2599,male,NA
2600,male,NA
2601,male,NA
2602,male,06
2603,female,NA
2604,male,NA
2605,male,NA
2606,male,NA
2607,male,NA
2608,male,NA
2609,male,NA
2610,male,NA
2611,male,NA
2612,male,NA
2613,male,NA
2614,male,NA
2615,male,NA
2616,male,NA
2617,male,NA
2618,male,NA
2619,male,NA
2620,male,NA
2621,male,NA
2622,male,NA
2624,male,06
2625,male,NA
2626,male,NA
2627,male,NA
2628,male,NA
2629,male,NA
2630,male,NA
2631,male,NA
2632,male,NA
2633,male,NA
2634,male,NA
2635,male,NA
2636,male,NA
2637,male,NA
2638,male,NA
2639,male,NA
2640,female,NA
2641,male,NA
2642,male,NA
2643,male,NA
2644,male,NA
2645,male,NA
2646,male,NA
2647,male,NA
2648,male,NA
2649,male,NA
2650,male,NA
2651,male,NA
2652,male,NA
2653,male,NA
2654,male,NA
2655,male,NA
2656,male,NA
2657,male,NA
2658,male,NA
2659,male,NA
2660,male,NA
2661,male,NA
2662,male,NA
2663,male,NA
2664,male,NA
2665,male,NA
2666,male,NA
2667,male,NA
2668,male,NA
2669,male,NA
2670,male,NA
2671,male,NA
2672,male,NA
2673,male,NA
2674,male,NA
2675,male,NA
2676,male,NA
2677,male,NA
2678,male,NA
2679,male,NA
2680,male,NA
2681,male,NA
2682,male,NA
2683,male,NA
2684,male,NA
2685,male,NA
2686,male,NA
2687,male,NA
2688,male,NA
2689,male,NA
2690,male,NA
2691,male,NA
2692,male,NA
2693,male,NA
2694,male,NA
2695,male,NA
2696,male,NA
2697,male,NA
2698,male,NA
2699,male,NA
2700,male,NA
2701,male,NA
2702,male,NA
2703,male,NA
2704,male,NA
2705,male,NA
2706,male,NA
2707,male,NA
2708,male,NA
2709,male,NA
2710,male,NA
2711,male,NA
2712,male,NA
2713,male,NA
2715,male,NA
2716,male,NA
2717,male,NA
2718,male,NA
.,male,NA
2719,male,NA
2720,male,NA
2721,male,NA
2722,male,NA
2723,male,NA
2724,male,NA
2725,male,NA
2726,male,NA
2727,male,NA
2728,male,NA
2729,male,NA
2730,male,NA
2731,male,NA
2732,female,NA
2733,male,NA
2734,male,NA
2735,male,NA
2736,male,NA
2737,male,NA
2738,male,NA
2739,male,NA
2740,male,NA
2741,male,NA
2742,male,NA
2743,male,NA
2744,male,NA
2745,male,NA
2746,male,NA
2747,male,NA
2748,male,NA
.,male,NA
2749,male,NA
2750,male,NA
2751,male,NA
2752,male,NA
2753,male,NA
2754,male,NA
2755,male,NA
2756,male,NA
2757,male,NA
2758,male,NA
2759,male,NA
2760,male,NA
2761,male,NA
2762,male,NA
2763,male,NA
2764,male,NA
2765,male,NA
2766,male,NA
2767,female,NA
.,male,NA
NA,male,NA
2768,male,NA
2769,male,NA
2770,male,NA
2771,male,NA
2772,male,NA
2773,male,NA
2774,male,NA
2775,male,NA
2776,male,NA
2777,male,NA
2778,female,NA
2779,male,NA
.,male,NA
2780,male,NA
2781,male,NA
2782,male,NA
2783,female,NA
2784,male,NA
2785,male,NA
2786,male,NA
2787,male,NA
2788,male,NA
2789,male,NA
2790,male,NA
2791,male,NA
2792,male,NA
2793,male,NA
2794,male,NA
2795,male,NA
2796,male,NA
.,male,NA
2797,male,NA
2798,male,NA
2799,male,NA
2800,male,NA
2801,male,NA
2802,male,NA
2803,male,NA
2804,male,NA
2805,male,NA
2806,male,NA
2807,male,NA
2808,female,NA
2809,male,NA
2810,male,NA
2811,male,NA
2812,female,NA
2813,male,NA
2814,male,NA
2815,male,NA
2816,male,NA
2817,male,NA
2818,male,NA
2819,male,NA
2820,male,NA
2821,male,NA
2822,male,NA
2823,male,NA
2824,male,NA
2825,male,NA
2826,male,NA
2827,female,NA
2828,male,NA
2829,male,NA
2830,male,NA
2831,male,NA
2832,male,NA
2833,male,07
2834,male,NA
2835,male,NA
2836,male,NA
2837,male,NA
2839,male,NA
2840,male,NA
2841,male,NA
2842,male,NA
2843,male,NA
2844,male,NA
2845,male,NA
2846,female,NA
2847,male,NA
2848,male,NA
2849,female,NA
2850,male,NA
2851,male,NA
2852,male,NA
2853,male,NA
2854,male,NA
2855,male,NA
2856,male,NA
2857,male,NA
2858,male,NA
2859,male,NA
2860,male,NA
2861,male,NA
2862,male,NA
2863,male,NA
2864,male,NA
2865,male,NA
2866,male,NA
2867,male,NA
2868,male,NA
2869,male,NA
2870,male,NA
2871,male,NA
2872,male,NA
2873,male,NA
2874,male,NA
2875,male,NA
2876,male,NA
2878,male,NA
2879,male,NA
2880,male,NA
2881,male,NA
2882,male,NA
2883,male,NA
2884,female,NA
2885,male,NA
2886,male,NA
2887,male,NA
2888,male,NA
2889,male,NA
2890,male,NA
2891,male,NA
2892,male,NA
2893,male,NA
2894,male,NA
2895,male,NA
2896,female,NA
2897,male,NA
2898,male,NA
2899,male,NA
2900,male,NA
2901,female,NA
2902,male,NA
2903,male,NA
2904,male,NA
2905,male,NA
2906,male,NA
2907,male,NA
2908,male,NA
2909,male,NA
2910,male,NA
2911,female,NA
2912,male,NA
2913,female,NA
2914,male,NA
2915,male,NA
2916,male,NA
2917,female,NA
2918,male,NA
2919,male,NA
2920,female,NA
2921,male,NA
2922,male,NA
2923,male,NA
2924,male,NA
2925,female,NA
2926,male,NA
2927,male,NA
2928,male,NA
2929,male,NA
2930,male,NA
2931,male,NA
2932,male,NA
2933,male,NA
2934,male,NA
2935,male,NA
2936,male,NA
2937,male,NA
2938,male,NA
2939,male,NA
2940,male,NA
2941,male,NA
2942,male,NA
2943,male,NA
2944,male,NA
2945,male,NA
2946,male,NA
2947,male,NA
2948,male,NA
2949,female,NA
2950,male,NA
2951,male,NA
2952,male,NA
2953,male,NA
2954,male,NA
2955,male,NA
2956,male,NA
2957,female,NA
2958,male,NA
2959,male,NA
2960,male,NA
2961,female,NA
2962,male,NA
2963,male,NA
2964,male,NA
2965,male,NA
2966,male,NA
2967,male,NA
2968,male,NA
2969,male,NA
2970,female,NA
2971,female,10
2972,male,NA
2973,female,NA
2974,female,NA
2975,male,NA
2976,male,NA
2977,male,NA
2978,male,09
2979,male,NA
2980,male,NA
2981,male,NA
2982,male,NA
2983,male,NA
2984,male,NA
2985,male,NA
2986,male,NA
2987,male,NA
2988,male,NA
2989,male,NA
2990,female,NA
2991,male,NA
2992,male,NA
2993,male,NA
2994,male,NA
2995,male,NA
2996,male,NA
2997,male,NA
2998,male,NA
2999,male,NA
3022,male,NA
3023,male,NA
3024,female,NA
3025,male,NA
3026,male,NA
3027,male,NA
3028,male,NA
3029,male,NA
3030,male,NA
3031,male,NA
3032,male,NA
3033,male,NA
3034,female,NA
3035,male,NA
3036,male,NA
3037,male,NA
3038,male,NA
3039,male,NA
3040,male,NA
3041,male,NA
3042,male,NA
3043,male,NA
3044,male,NA
3045,male,NA
3046,male,NA
3047,male,NA
3048,female,NA
3049,male,NA
3050,male,NA
3051,male,NA
3052,male,NA
3053,male,NA
3054,male,NA
3055,male,NA
3056,male,NA
3057,male,NA
3058,male,NA
3059,male,NA
3060,male,NA
3061,male,NA
3062,male,NA
3063,male,NA
3064,male,NA
3065,male,NA
3066,male,NA
3067,male,NA
3068,male,NA
3069,male,NA
3070,male,NA
3071,male,NA
3072,male,NA
3073,male,NA
3074,male,NA
3075,male,NA
3076,male,NA
3077,male,NA
3078,male,NA
3079,male,NA
3080,male,NA
3081,female,NA
3082,male,NA
3083,male,NA
3084,male,NA
3085,male,NA
3086,male,NA
3087,female,NA
3088,male,NA
3089,male,NA
3090,male,NA
3091,male,NA
3092,male,NA
3093,male,NA
3094,male,NA
3095,male,NA
3096,male,NA
3097,male,NA
3098,male,NA
3099,male,NA
3100,male,NA
3101,male,NA
3102,male,NA
3103,male,NA
3104,male,NA
3105,male,NA
3106,male,NA
3107,male,NA
3108,male,NA
3110,male,NA
3111,male,NA
3112,male,NA
3113,male,NA
3114,male,NA
3115,male,NA
3116,male,NA
3117,male,NA
3118,male,NA
3119,male,NA
3120,male,NA
3121,male,NA
3122,male,NA
3123,male,NA
3124,male,NA
3125,male,NA
3126,male,NA
3127,male,NA
3128,male,NA
3129,male,NA
3130,female,NA
3131,male,NA
3132,male,NA
3133,male,NA
3134,male,NA
3135,male,NA
3136,male,NA
3137,male,NA
3138,male,NA
3139,male,NA
3140,male,NA
3141,male,NA
3142,male,NA
3143,male,NA
3144,male,NA
3145,male,NA
3146,male,NA
3147,male,NA
3148,male,NA
3149,male,NA
3150,male,NA
3151,male,NA
3152,male,NA
3153,female,NA
3154,male,NA
3155,male,NA
3156,male,NA
3157,male,NA
3158,male,NA
3159,male,NA
3160,male,NA
3161,male,NA
3162,female,NA
3163,male,NA
3164,male,NA
3165,male,NA
3166,male,NA
3167,male,NA
3168,male,NA
3169,male,NA
3170,male,NA
3171,male,NA
3172,male,NA
3173,male,NA
3174,male,NA
3175,male,NA
3176,female,NA
3177,male,NA
3178,male,NA
3179,male,NA
3180,male,NA
3181,male,NA
3182,male,NA
3183,male,NA
3184,male,NA
3185,male,NA
3186,male,NA
3187,male,NA
3188,male,NA
3189,male,NA
3190,male,NA
3191,male,NA
3192,male,NA
3193,male,NA
3194,female,NA
3195,male,NA
3196,female,NA
3197,male,NA
3198,male,NA
3199,female,NA
3200,female,NA
3201,male,NA
3202,male,NA
3203,male,NA
3204,male,NA
3205,male,NA
3206,male,NA
3207,male,NA
3208,male,NA
3209,male,NA
3210,male,NA
3211,male,NA
3212,male,NA
3213,male,NA
3214,male,NA
3215,male,NA
3216,female,NA
3217,male,NA
3218,female,NA
3219,male,NA
3220,male,NA
3221,male,NA
3222,male,NA
3223,male,NA
3224,male,NA
3225,female,NA
3226,male,NA
3227,female,NA
3228,male,NA
3229,male,NA
3230,male,NA
3231,male,NA
3232,male,NA
3233,female,NA
3234,male,NA
3235,male,NA
3236,male,NA
3237,male,NA
3238,male,NA
3239,male,NA
3240,male,NA
3241,male,NA
3242,male,NA
3243,male,NA
3244,female,NA
3245,female,NA
3246,male,NA
3247,male,NA
3248,male,NA
3249,male,NA
3250,male,NA
3251,male,NA
3252,male,NA
3253,male,NA
3254,male,NA
3255,male,NA
3256,male,NA
3257,male,NA
3258,male,NA
3259,male,NA
3260,male,NA
3261,male,NA
3262,male,NA
3263,male,NA
3264,male,NA
3265,male,NA
3266,male,NA
3267,male,NA
3268,male,NA
3269,male,NA
3270,female,NA
3271,male,NA
3272,male,NA
3273,male,NA
3274,male,NA
3275,male,NA
3276,male,NA
3277,male,NA
3278,male,NA
3279,male,NA
3280,male,NA
.,male,NA
3281,male,NA
3282,female,NA
3283,male,NA
3284,male,NA
3285,male,NA
3286,male,NA
3287,male,NA
3288,male,NA
3289,male,NA
3290,male,NA
3291,male,NA
3292,male,NA
3293,male,NA
3294,male,NA
3295,male,NA
3296,male,NA
3297,male,NA
3298,male,NA
3299,male,NA
3300,male,NA
3301,male,NA
3302,male,NA
3303,male,NA
3304,male,NA
3305,male,NA
3306,male,NA
3307,male,NA
3308,male,NA
3309,male,NA
3310,male,NA
3311,male,NA
3312,female,NA
3313,male,NA
3314,male,NA
3315,male,NA
3316,male,NA
3317,male,NA
3318,male,NA
3319,male,NA
3320,male,NA
3321,female,NA
3322,male,NA
3323,female,NA
3324,male,NA
3325,male,NA
3326,male,NA
3327,male,NA
3328,male,NA
3329,male,NA
3330,male,NA
3331,male,NA
3332,male,NA
3333,female,NA
3334,female,NA
3335,male,NA
3336,male,NA
3337,male,NA
3338,male,NA
3339,male,NA
3340,male,NA
3341,male,NA
3342,male,NA
3343,male,NA
3345,male,NA
3346,male,NA
3347,male,NA
3348,male,NA
3349,male,NA
3350,male,NA
3351,male,NA
3352,male,NA
3353,male,NA
3354,male,NA
3355,male,NA
3356,male,NA
3357,male,NA
3358,male,NA
3359,male,NA
3360,female,NA
3361,male,NA
3362,male,NA
3363,male,NA
3364,male,NA
3365,female,NA
3366,male,NA
3367,male,NA
3368,male,NA
3369,male,NA
3370,male,NA
3371,male,NA
3372,male,NA
3373,male,NA
3374,male,NA
3375,male,NA
3376,male,NA
3377,male,NA
3378,female,NA
3379,male,NA
3380,male,NA
3381,male,NA
3382,male,NA
3383,male,NA
3384,male,NA
3385,male,NA
3386,male,NA
3387,male,NA
3388,male,NA
3389,male,NA
3390,male,NA
3391,male,NA
3392,male,NA
3393,male,NA
3394,female,NA
3395,male,NA
3396,male,NA
3397,male,NA
3398,male,NA
3399,male,NA
3400,male,NA
3401,male,NA
3402,male,NA
3403,male,NA
3404,male,NA
3405,male,NA
3406,male,NA
3407,male,NA
3408,male,NA
3409,male,NA
3410,male,NA
3411,male,NA
3412,male,NA
3413,male,NA
3414,male,NA
3415,male,NA
3416,male,NA
3417,male,NA
3418,male,NA
3419,male,NA
3420,male,NA
3421,male,NA
3422,male,NA
3423,male,NA
3424,male,NA
3425,male,NA
3426,male,NA
3427,male,NA
3428,male,NA
3429,male,NA
3430,male,NA
3431,male,NA
3432,male,NA
3433,male,NA
3434,male,NA
3435,male,NA
3436,male,NA
3437,male,NA
3438,male,NA
3439,male,NA
3440,male,NA
3441,male,NA
3442,male,NA
3443,male,NA
3444,male,NA
3445,male,NA
3447,male,NA
3448,male,NA
3449,male,NA
3450,male,NA
3451,male,NA
3452,male,NA
3453,male,NA
3454,male,NA
3455,male,NA
3456,male,NA
3457,male,NA
3458,male,NA
3459,male,NA
3460,male,NA
3461,male,NA
3462,male,NA
3463,male,NA
3464,male,NA
3465,male,NA
3466,male,NA
3468,male,NA
3469,male,NA
3470,male,NA
3471,male,NA
3472,male,NA
3473,male,NA
3474,male,NA
3475,male,NA
3476,male,NA
3477,male,NA
3478,female,NA
3479,male,NA
3480,male,NA
3481,male,NA
3482,male,NA
3483,male,NA
3484,male,NA
3485,male,NA
3486,male,NA
3487,male,NA
3488,male,NA
3489,male,NA
3490,male,NA
3491,male,NA
3492,male,NA
3493,male,NA
3494,male,NA
3495,male,NA
3496,male,NA
3497,male,NA
3498,male,NA
3499,male,NA
3500,male,NA
3501,male,NA
3502,male,NA
3503,male,NA
3504,male,NA
3505,male,NA
3506,male,NA
3507,male,NA
3508,male,NA
3509,male,NA
3510,male,NA
3511,male,NA
3512,male,NA
3513,male,NA
3514,male,NA
3515,male,NA
3516,male,NA
3517,female,NA
3518,male,NA
3519,male,NA
3520,male,NA
3521,male,NA
3522,male,NA
3523,male,NA
3524,male,NA
3525,male,NA
3526,male,11
3527,male,NA
3528,male,NA
3529,male,NA
3530,male,NA
3531,male,NA
3532,male,NA
3533,male,NA
3534,male,NA
3535,male,NA
3536,male,NA
3537,male,NA
3538,male,NA
3539,male,04
3540,male,NA
3541,female,NA
3542,male,NA
3543,male,NA
3544,male,NA
3545,male,NA
3546,male,NA
3547,male,NA
3548,male,NA
3549,male,NA
3550,male,NA
3551,male,NA
3552,male,NA
3553,male,NA
3554,male,NA
3555,male,NA
3556,male,NA
3557,male,NA
3558,male,NA
3559,male,NA
3560,male,NA
3561,male,NA
3562,male,NA
3563,male,NA
3564,male,NA
3565,male,NA
3566,male,NA
3567,male,NA
3568,male,NA
3569,male,NA
3570,female,NA
3571,female,NA
3572,male,NA
3573,male,NA
3574,male,NA
3575,male,NA
3576,male,NA
3577,male,NA
3578,male,NA
3579,male,NA
3580,male,NA
3581,male,NA
3582,male,NA
3583,male,NA
3584,male,NA
3585,male,NA
3586,male,NA
3587,male,NA
3588,male,NA
3589,male,NA
3590,male,NA
3591,male,NA
3592,male,NA
3593,male,NA
3594,male,NA
3595,male,NA
3596,male,NA
3597,male,NA
3598,male,NA
3599,male,NA
3600,male,NA
3601,male,NA
3602,male,NA
3603,male,NA
3604,male,NA
3605,male,NA
3606,male,NA
3607,male,NA
3608,male,NA
3609,male,NA
3610,male,NA
3611,male,NA
3612,male,NA
3613,male,NA
3614,male,NA
3615,male,NA
3616,male,NA
3617,male,NA
3618,male,NA
3619,male,NA
3620,male,NA
3621,male,NA
3622,male,NA
3623,male,NA
3624,male,NA
3625,male,NA
3626,male,NA
3627,male,NA
3628,male,NA
3629,male,NA
3630,male,NA
3631,male,NA
3632,male,NA
3633,male,NA
3634,male,NA
3635,male,NA
3636,male,NA
3637,male,NA
.,male,NA
3638,male,NA
3639,male,NA
3640,male,NA
3641,male,NA
3642,male,NA
3643,female,NA
3644,male,NA
3645,male,NA
3646,male,NA
3647,male,NA
3648,male,NA
3649,female,NA
3650,male,NA
3651,male,NA
3652,male,NA
3653,male,NA
3654,male,NA
3655,male,NA
3656,male,NA
3657,male,NA
3658,male,NA
3659,male,NA
3660,male,NA
3661,male,NA
3662,male,NA
3663,male,NA
3664,male,NA
3665,male,NA
3666,male,NA
3667,male,NA
3668,male,NA
3669,male,NA
3670,male,NA
3671,male,NA
3672,male,NA
3673,female,NA
3674,male,NA
3675,male,NA
3676,male,NA
3677,male,NA
3678,male,NA
3679,male,NA
3680,male,NA
3681,male,NA
3682,male,NA
3683,male,NA
3684,male,NA
3685,female,NA
3686,male,NA
3687,male,NA
3688,male,NA
3689,male,NA
3690,male,NA
3691,male,NA
3692,male,NA
3693,male,NA
3694,male,NA
3695,male,NA
3696,male,NA
3697,male,NA
3698,male,NA
3699,male,NA
3700,male,NA
3701,female,NA
3702,male,NA
3703,male,NA
3704,male,NA
3705,male,NA
3706,male,NA
3707,male,NA
3708,male,NA
3709,male,NA
3710,male,NA
3711,male,NA
3712,male,NA
3713,male,NA
3714,male,NA
3715,male,NA
3716,male,NA
3717,male,NA
3718,male,NA
3719,male,NA
3720,male,NA
3721,male,NA
3722,male,NA
3723,male,NA
3724,male,NA
3725,male,NA
3726,male,NA
3727,male,NA
3728,male,NA
3729,male,NA
3730,male,NA
3731,male,NA
3732,male,NA
3733,male,NA
3734,male,NA
3735,male,NA
3736,male,NA
3737,male,NA
3738,male,NA
3739,male,NA
3740,male,NA
3741,male,NA
3742,male,NA
3744,male,NA
3745,female,NA
3746,male,NA
3747,male,NA
3748,male,NA
3749,male,NA
3750,male,NA
3751,male,NA
3752,male,NA
3753,male,11
3754,male,10
3755,male,09
3756,male,NA
3757,male,NA
3758,male,NA
3759,male,NA
3760,male,NA
3761,male,NA
3762,male,NA
3763,male,NA
3764,male,NA
3765,male,NA
3766,male,NA
3767,male,NA
3768,male,NA
3769,male,NA
3770,male,NA
3771,male,NA
3772,male,NA
3773,male,NA
3774,male,NA
3775,male,NA
3776,male,NA
3777,male,NA
3778,male,NA
3779,male,NA
3780,male,NA
3781,male,NA
3782,male,NA
3783,male,NA
3784,male,NA
3785,male,NA
3786,male,NA
3787,male,NA
3788,male,NA
3789,male,NA
3790,male,NA
3791,male,NA
3792,male,NA
3793,male,NA
3794,male,NA
3795,male,NA
3796,male,NA
3797,male,NA
3798,female,NA
3799,male,NA
3800,male,NA
3801,male,NA
3802,male,NA
3803,male,NA
3804,male,NA
3805,male,NA
3806,male,NA
.,male,NA
3807,male,NA
3808,male,NA
3809,male,NA
3810,male,NA
3811,female,NA
3812,male,NA
3813,male,NA
3814,male,NA
3815,male,NA
3816,male,NA
3817,male,NA
3818,male,NA
3819,male,NA
3820,male,NA
3821,male,10
3822,male,NA
3823,male,NA
3824,female,NA
3825,male,NA
3826,female,NA
3828,male,NA
3829,male,NA
3830,male,NA
3831,male,NA
3832,male,NA
3833,male,NA
3834,male,NA
3835,male,NA
3836,male,NA
3837,male,NA
3838,male,NA
3839,male,NA
3840,male,NA
3841,male,NA
3842,male,NA
3843,male,NA
3844,male,NA
3845,male,NA
3846,male,NA
3847,male,NA
3848,male,NA
3849,male,NA
3850,male,NA
3851,male,NA
3852,male,NA
3853,male,NA
3854,male,NA
3855,male,NA
3856,male,NA
3857,male,NA
3858,male,NA
3859,male,NA
3860,male,NA
3861,male,NA
3862,male,NA
3863,male,NA
3864,male,NA
3865,female,NA
3866,male,NA
3867,male,NA
3868,male,NA
3869,female,NA
3870,male,NA
3871,male,NA
3872,male,NA
3873,male,NA
3874,male,NA
3875,female,NA
3876,male,NA
3877,male,NA
3878,male,NA
3879,male,NA
3880,male,NA
3881,male,NA
3882,male,NA
3883,male,NA
3884,male,NA
3885,male,NA
3886,male,NA
3887,male,NA
3888,male,NA
3889,male,NA
3890,male,NA
3891,male,NA
3892,male,NA
3893,male,NA
3894,male,NA
3895,male,NA
3896,male,NA
3897,male,NA
3898,male,NA
3899,male,NA
3900,male,NA
3901,male,NA
3902,male,NA
3903,male,NA
3904,male,NA
3905,male,NA
3906,male,NA
3907,male,NA
3908,male,NA
3909,female,NA
3910,male,NA
3911,female,NA
3912,female,NA
3913,male,NA
